,id,c_date,campaign_name,category,campaign_id,impressions,mark_spent,clicks,leads,orders,revenue,CR (%),CTR (%),CPC,CPL,CPO,RPC,RPL,RPO,ROAS,ROMI (%),AOV
0,1,2021-02-01,facebook_tier1,social,349043,148263,7307.37,1210,13,1,4981.0,0.08,0.82,6.04,562.11,7307.37,4.12,383.15,4981.0,0.68,-31.84,4981.0
1,2,2021-02-01,facebOOK_tier2,social,348934,220688,16300.2,1640,48,3,14962.0,0.18,0.74,9.94,339.59,5433.4,9.12,311.71,4987.33,0.92,-8.21,4987.33
2,3,2021-02-01,google_hot,search,89459845,22850,5221.6,457,9,1,7981.0,0.22,2.0,11.43,580.18,5221.6,17.46,886.78,7981.0,1.53,52.85,7981.0
3,4,2021-02-01,google_wide,search,127823,147038,6037.0,1196,24,1,2114.0,0.08,0.81,5.05,251.54,6037.0,1.77,88.08,2114.0,0.35,-64.98,2114.0
4,5,2021-02-01,youtube_blogger,influencer,10934,225800,29962.2,2258,49,10,84490.0,0.44,1.0,13.27,611.47,2996.22,37.42,1724.29,8449.0,2.82,181.99,8449.0
5,6,2021-02-01,instagram_tier1,social,9034945,444857,9540.01,1342,27,3,17943.0,0.22,0.3,7.11,353.33,3180.0,13.37,664.56,5981.0,1.88,88.08,5981.0
6,7,2021-02-01,instagram_tier2,social,983498,511200,3648.9,2556,94,1,1981.0,0.04,0.5,1.43,38.82,3648.9,0.78,21.07,1981.0,0.54,-45.71,1981.0
7,8,2021-02-01,facebook_retargeting,social,4387490,5544,1293.55,148,3,1,4981.0,0.68,2.67,8.74,431.18,1293.55,33.66,1660.33,4981.0,3.85,285.06,4981.0
8,9,2021-02-01,facebook_lal,social,544756,56916,16997.8,596,14,2,4162.0,0.34,1.05,28.52,1214.13,8498.9,6.98,297.29,2081.0,0.24,-75.51,2081.0
9,10,2021-02-01,instagram_blogger,influencer,374754,120436,23604.1,1498,49,7,39081.0,0.47,1.24,15.76,481.72,3372.01,26.09,797.57,5583.0,1.66,65.57,5583.0
10,11,2021-02-01,banner_partner,media,39889,20900000,931.99,2090,3,0,0.0,0.0,0.01,0.45,310.66,inf,0.0,0.0,0.0,0.0,-100.0,0.0
11,12,2021-02-02,facebook_tier1,social,349043,478200,18385.3,2391,48,4,17812.0,0.17,0.5,7.69,383.03,4596.32,7.45,371.08,4453.0,0.97,-3.12,4453.0
12,13,2021-02-02,facebOOK_tier2,social,348934,957806,2198.05,3294,10,0,0.0,0.0,0.34,0.67,219.8,inf,0.0,0.0,0.0,0.0,-100.0,0.0
13,14,2021-02-02,google_hot,search,89459845,43806,11446.7,907,18,3,23943.0,0.33,2.07,12.62,635.93,3815.57,26.4,1330.17,7981.0,2.09,109.17,7981.0
14,15,2021-02-02,google_wide,search,127823,314704,15153.6,2395,39,4,12540.0,0.17,0.76,6.33,388.55,3788.4,5.24,321.54,3135.0,0.83,-17.25,3135.0
15,16,2021-02-02,youtube_blogger,influencer,10934,449200,42301.1,4492,85,17,149141.0,0.38,1.0,9.42,497.66,2488.3,33.2,1754.6,8773.0,3.53,252.57,8773.0
16,17,2021-02-02,instagram_tier1,social,9034945,540200,29081.1,2701,54,9,45585.0,0.33,0.5,10.77,538.54,3231.23,16.88,844.17,5065.0,1.57,56.75,5065.0
17,18,2021-02-02,instagram_tier2,social,983498,1020800,1421.34,5104,14,0,0.0,0.0,0.5,0.28,101.52,inf,0.0,0.0,0.0,0.0,-100.0,0.0
18,19,2021-02-02,facebook_retargeting,social,4387490,10033,169.75,301,0,0,0.0,0.0,3.0,0.56,inf,inf,0.0,0.0,0.0,0.0,-100.0,0.0
19,20,2021-02-02,facebook_lal,social,544756,107553,8829.07,1196,7,1,1129.0,0.08,1.11,7.38,1261.3,8829.07,0.94,161.29,1129.0,0.13,-87.21,1129.0
20,21,2021-02-02,instagram_blogger,influencer,374754,299600,13919.1,2996,19,3,14466.0,0.1,1.0,4.65,732.58,4639.7,4.83,761.37,4822.0,1.04,3.93,4822.0
21,22,2021-02-02,banner_partner,media,39889,42000000,46159.8,4200,92,13,51753.0,0.31,0.01,10.99,501.74,3550.75,12.32,562.53,3981.0,1.12,12.12,3981.0
22,23,2021-02-03,facebook_tier1,social,349043,2313889,65284.4,7197,115,13,72527.0,0.18,0.31,9.07,567.69,5021.88,10.08,630.67,5579.0,1.11,11.09,5579.0
23,24,2021-02-03,facebOOK_tier2,social,348934,1105666,78958.3,9898,226,12,59772.0,0.12,0.9,7.98,349.37,6579.86,6.04,264.48,4981.0,0.76,-24.3,4981.0
24,25,2021-02-03,google_hot,search,89459845,134900,77345.5,2698,84,16,115856.0,0.59,2.0,28.67,920.78,4834.09,42.94,1379.24,7241.0,1.5,49.79,7241.0
25,26,2021-02-03,google_wide,search,127823,4371854,49498.9,7207,144,13,38753.0,0.18,0.16,6.87,343.74,3807.61,5.38,269.12,2981.0,0.78,-21.71,2981.0
26,27,2021-02-03,youtube_blogger,influencer,10934,1035261,189341.0,13503,455,91,772499.0,0.67,1.3,14.02,416.13,2080.67,57.21,1697.8,8489.0,4.08,307.99,8489.0
27,28,2021-02-03,instagram_tier1,social,9034945,1618600,62509.8,8093,166,15,84600.0,0.19,0.5,7.72,376.57,4167.32,10.45,509.64,5640.0,1.35,35.34,5640.0
28,29,2021-02-03,instagram_tier2,social,983498,3059600,94399.9,15298,592,36,104184.0,0.24,0.5,6.17,159.46,2622.22,6.81,175.99,2894.0,1.1,10.36,2894.0
29,30,2021-02-03,facebook_retargeting,social,4387490,29867,5039.51,896,18,4,23560.0,0.45,3.0,5.62,279.97,1259.88,26.29,1308.89,5890.0,4.68,367.51,5890.0
30,31,2021-02-03,facebook_lal,social,544756,295009,76716.4,3595,72,9,5607.0,0.25,1.22,21.34,1065.51,8524.04,1.56,77.88,623.0,0.07,-92.69,623.0
31,32,2021-02-03,instagram_blogger,influencer,374754,667352,194336.0,8996,342,51,254031.0,0.57,1.35,21.6,568.23,3810.51,28.24,742.78,4981.0,1.31,30.72,4981.0
32,33,2021-02-03,banner_partner,media,39889,125910000,29378.3,12591,68,13,51753.0,0.1,0.01,2.33,432.03,2259.87,4.11,761.07,3981.0,1.76,76.16,3981.0
33,34,2021-02-04,facebook_tier1,social,349043,2475754,173914.0,9601,192,31,154411.0,0.32,0.39,18.11,905.8,5610.13,16.08,804.22,4981.0,0.89,-11.21,4981.0
34,35,2021-02-04,facebOOK_tier2,social,348934,4597702,115389.0,13206,143,17,82909.0,0.13,0.29,8.74,806.92,6787.59,6.28,579.78,4877.0,0.72,-28.15,4877.0
35,36,2021-02-04,google_hot,search,89459845,196484,41269.6,3599,55,9,68589.0,0.25,1.83,11.47,750.36,4585.51,19.06,1247.07,7621.0,1.66,66.2,7621.0
36,37,2021-02-04,google_wide,search,127823,1531679,60108.8,9591,234,17,58990.0,0.18,0.63,6.27,256.88,3535.81,6.15,252.09,3470.0,0.98,-1.86,3470.0
37,38,2021-02-04,youtube_blogger,influencer,10934,2120555,185263.0,17993,445,89,624958.0,0.49,0.85,10.3,416.32,2081.61,34.73,1404.4,7022.0,3.37,237.34,7022.0
38,39,2021-02-04,instagram_tier1,social,9034945,1322751,104028.0,10794,238,27,179037.0,0.25,0.82,9.64,437.09,3852.89,16.59,752.26,6631.0,1.72,72.1,6631.0
39,40,2021-02-04,instagram_tier2,social,983498,3008227,40119.2,20392,408,12,23772.0,0.06,0.68,1.97,98.33,3343.27,1.17,58.26,1981.0,0.59,-40.75,1981.0
40,41,2021-02-04,facebook_retargeting,social,4387490,43160,885.75,1194,4,1,5287.0,0.08,2.77,0.74,221.44,885.75,4.43,1321.75,5287.0,5.97,496.9,5287.0
41,42,2021-02-04,facebook_lal,social,544756,432611,120335.0,4807,71,13,6864.0,0.27,1.11,25.03,1694.86,9256.54,1.43,96.68,528.0,0.06,-94.3,528.0
42,43,2021-02-04,instagram_blogger,influencer,374754,1199300,149279.0,11993,267,38,224542.0,0.32,1.0,12.45,559.1,3928.39,18.72,840.98,5909.0,1.5,50.42,5909.0
43,44,2021-02-04,banner_partner,media,39889,41924802,177746.0,16806,336,60,204540.0,0.36,0.04,10.58,529.01,2962.43,12.17,608.75,3409.0,1.15,15.07,3409.0
44,45,2021-02-05,facebook_tier1,social,349043,3462883,90691.7,11997,143,17,84677.0,0.14,0.35,7.56,634.21,5334.81,7.06,592.15,4981.0,0.93,-6.63,4981.0
45,46,2021-02-05,facebOOK_tier2,social,348934,3299600,261047.0,16498,330,42,209202.0,0.25,0.5,15.82,791.05,6215.4,12.68,633.95,4981.0,0.8,-19.86,4981.0
46,47,2021-02-05,google_hot,search,89459845,236719,96930.6,4504,151,23,177882.0,0.51,1.9,21.52,641.92,4214.37,39.49,1178.03,7734.0,1.84,83.51,7734.0
47,48,2021-02-05,google_wide,search,127823,9914040,56875.2,11993,139,14,49644.0,0.12,0.12,4.74,409.17,4062.51,4.14,357.15,3546.0,0.87,-12.71,3546.0
48,49,2021-02-05,youtube_blogger,influencer,10934,1965108,442617.0,22507,731,146,1165230.0,0.65,1.15,19.67,605.5,3031.62,51.77,1594.02,7981.03,2.63,163.26,7981.03
49,50,2021-02-05,instagram_tier1,social,9034945,7485780,258306.0,13498,526,76,454556.0,0.56,0.18,19.14,491.08,3398.76,33.68,864.17,5981.0,1.76,75.98,5981.0
50,51,2021-02-05,instagram_tier2,social,983498,5100600,13588.8,25503,765,4,7924.0,0.02,0.5,0.53,17.76,3397.2,0.31,10.36,1981.0,0.58,-41.69,1981.0
51,52,2021-02-05,facebook_retargeting,social,4387490,48954,6790.74,1505,30,5,27060.0,0.33,3.07,4.51,226.36,1358.15,17.98,902.0,5412.0,3.98,298.48,5412.0
52,53,2021-02-05,facebook_lal,social,544756,600400,192789.0,6004,120,21,9492.0,0.35,1.0,32.11,1606.58,9180.43,1.58,79.1,452.0,0.05,-95.08,452.0
53,54,2021-02-05,instagram_blogger,influencer,374754,2153303,36431.7,15003,51,8,47816.0,0.05,0.7,2.43,714.35,4553.96,3.19,937.57,5977.0,1.31,31.25,5977.0
54,55,2021-02-05,banner_partner,media,39889,8238872,427922.0,20997,796,119,471240.0,0.57,0.25,20.38,537.59,3595.98,22.44,592.01,3960.0,1.1,10.12,3960.0
55,56,2021-02-06,facebook_tier1,social,349043,310024,40407.9,2391,76,9,46152.0,0.38,0.77,16.9,531.68,4489.77,19.3,607.26,5128.0,1.14,14.22,5128.0
56,57,2021-02-06,facebOOK_tier2,social,348934,448321,62272.6,3302,108,9,44829.0,0.27,0.74,18.86,576.6,6919.18,13.58,415.08,4981.0,0.72,-28.01,4981.0
57,58,2021-02-06,google_hot,search,89459845,44950,6768.87,899,13,1,8136.0,0.11,2.0,7.53,520.68,6768.87,9.05,625.85,8136.0,1.2,20.2,8136.0
58,59,2021-02-06,google_wide,search,127823,478400,22542.0,2392,48,6,13152.0,0.25,0.5,9.42,469.62,3757.0,5.5,274.0,2192.0,0.58,-41.66,2192.0
59,60,2021-02-06,youtube_blogger,influencer,10934,472252,80971.4,4508,133,27,215487.0,0.6,0.95,17.96,608.81,2998.94,47.8,1620.2,7981.0,2.66,166.13,7981.0
60,61,2021-02-06,instagram_tier1,social,9034945,425467,3661.53,2695,14,1,5958.0,0.04,0.63,1.36,261.54,3661.53,2.21,425.57,5958.0,1.63,62.72,5958.0
61,62,2021-02-06,instagram_tier2,social,983498,1589341,12183.4,5092,102,5,12295.0,0.1,0.32,2.39,119.45,2436.68,2.41,120.54,2459.0,1.01,0.92,2459.0
62,63,2021-02-06,facebook_retargeting,social,4387490,10200,1420.15,306,6,1,5492.0,0.33,3.0,4.64,236.69,1420.15,17.95,915.33,5492.0,3.87,286.72,5492.0
63,64,2021-02-06,facebook_lal,social,544756,119700,29281.0,1197,24,4,6428.0,0.33,1.0,24.46,1220.04,7320.25,5.37,267.83,1607.0,0.22,-78.05,1607.0
64,65,2021-02-06,instagram_blogger,influencer,374754,300700,8289.21,3007,20,2,9450.0,0.07,1.0,2.76,414.46,4144.6,3.14,472.5,4725.0,1.14,14.0,4725.0
65,66,2021-02-06,banner_partner,media,39889,42070000,38185.2,4207,84,10,48820.0,0.24,0.01,9.08,454.59,3818.52,11.6,581.19,4882.0,1.28,27.85,4882.0
66,67,2021-02-07,facebook_tier1,social,349043,478000,27314.4,2390,45,5,24905.0,0.21,0.5,11.43,606.99,5462.88,10.42,553.44,4981.0,0.91,-8.82,4981.0
67,68,2021-02-07,facebOOK_tier2,social,348934,659000,38485.6,3295,66,5,23735.0,0.15,0.5,11.68,583.12,7697.12,7.2,359.62,4747.0,0.62,-38.33,4747.0
68,69,2021-02-07,google_hot,search,89459845,44650,6426.0,893,18,2,14152.0,0.22,2.0,7.2,357.0,3213.0,15.85,786.22,7076.0,2.2,120.23,7076.0
69,70,2021-02-07,google_wide,search,127823,1137473,18102.1,2404,48,5,17845.0,0.21,0.21,7.53,377.13,3620.42,7.42,371.77,3569.0,0.99,-1.42,3569.0
70,71,2021-02-07,youtube_blogger,influencer,10934,694624,31680.1,4505,82,15,119715.0,0.33,0.65,7.03,386.34,2112.01,26.57,1459.94,7981.0,3.78,277.89,7981.0
71,72,2021-02-07,instagram_tier1,social,9034945,1246126,37965.9,2696,100,11,65791.0,0.41,0.22,14.08,379.66,3451.45,24.4,657.91,5981.0,1.73,73.29,5981.0
72,73,2021-02-07,instagram_tier2,social,983498,567096,6747.94,5103,199,2,3962.0,0.04,0.9,1.32,33.91,3373.97,0.78,19.91,1981.0,0.59,-41.29,1981.0
73,74,2021-02-07,facebook_retargeting,social,4387490,9938,3435.44,294,6,1,4981.0,0.34,2.96,11.69,572.57,3435.44,16.94,830.17,4981.0,1.45,44.99,4981.0
74,75,2021-02-07,facebook_lal,social,544756,174221,10104.9,1197,6,1,981.0,0.08,0.69,8.44,1684.15,10104.9,0.82,163.5,981.0,0.1,-90.29,981.0
75,76,2021-02-07,instagram_blogger,influencer,374754,300700,46167.6,3007,93,12,68076.0,0.4,1.0,15.35,496.43,3847.3,22.64,732.0,5673.0,1.47,47.45,5673.0
76,77,2021-02-07,banner_partner,media,39889,3957603,79987.7,4203,142,27,90504.0,0.64,0.11,19.03,563.29,2962.51,21.53,637.35,3352.0,1.13,13.15,3352.0
77,78,2021-02-08,facebook_tier1,social,349043,479000,27210.4,2395,36,5,22345.0,0.21,0.5,11.36,755.84,5442.08,9.33,620.69,4469.0,0.82,-17.88,4469.0
78,79,2021-02-08,facebOOK_tier2,social,348934,472656,33752.8,3290,66,5,28670.0,0.15,0.7,10.26,511.41,6750.56,8.71,434.39,5734.0,0.85,-15.06,5734.0
79,80,2021-02-08,google_hot,search,89459845,51350,6918.85,904,20,2,16240.0,0.22,1.76,7.65,345.94,3459.42,17.96,812.0,8120.0,2.35,134.72,8120.0
80,81,2021-02-08,google_wide,search,127823,478000,16567.5,2390,48,5,16995.0,0.21,0.5,6.93,345.16,3313.5,7.11,354.06,3399.0,1.03,2.58,3399.0
81,82,2021-02-08,youtube_blogger,influencer,10934,685530,33892.6,4491,79,16,120176.0,0.36,0.66,7.55,429.02,2118.29,26.76,1521.22,7511.0,3.55,254.58,7511.0
82,83,2021-02-08,instagram_tier1,social,9034945,472836,330.76,2690,1,0,0.0,0.0,0.57,0.12,330.76,inf,0.0,0.0,0.0,0.0,-100.0,0.0
83,84,2021-02-08,instagram_tier2,social,983498,1020000,2057.3,5100,102,1,1981.0,0.02,0.5,0.4,20.17,2057.3,0.39,19.42,1981.0,0.96,-3.71,1981.0
84,85,2021-02-08,facebook_retargeting,social,4387490,10067,4336.04,302,10,2,10036.0,0.66,3.0,14.36,433.6,2168.02,33.23,1003.6,5018.0,2.31,131.46,5018.0
85,86,2021-02-08,facebook_lal,social,544756,120200,40099.0,1202,24,5,4905.0,0.42,1.0,33.36,1670.79,8019.8,4.08,204.38,981.0,0.12,-87.77,981.0
86,87,2021-02-08,instagram_blogger,influencer,374754,361650,31154.3,2991,60,9,45027.0,0.3,0.83,10.42,519.24,3461.59,15.05,750.45,5003.0,1.45,44.53,5003.0
87,88,2021-02-08,banner_partner,media,39889,2233790,31883.9,4197,84,10,42280.0,0.24,0.19,7.6,379.57,3188.39,10.07,503.33,4228.0,1.33,32.61,4228.0
88,89,2021-02-09,facebook_tier1,social,349043,478600,49036.5,2393,68,9,42813.0,0.38,0.5,20.49,721.12,5448.5,17.89,629.6,4757.0,0.87,-12.69,4757.0
89,90,2021-02-09,facebOOK_tier2,social,348934,555116,62119.4,3303,96,11,54791.0,0.33,0.6,18.81,647.08,5647.22,16.59,570.74,4981.0,0.88,-11.8,4981.0
90,91,2021-02-09,google_hot,search,89459845,44900,3095.21,898,5,1,7998.0,0.11,2.0,3.45,619.04,3095.21,8.91,1599.6,7998.0,2.58,158.4,7998.0
91,92,2021-02-09,google_wide,search,127823,478600,20299.3,2393,48,5,14905.0,0.21,0.5,8.48,422.9,4059.86,6.23,310.52,2981.0,0.73,-26.57,2981.0
92,93,2021-02-09,youtube_blogger,influencer,10934,491821,27833.0,4495,90,18,143658.0,0.4,0.91,6.19,309.26,1546.28,31.96,1596.2,7981.0,5.16,416.14,7981.0
93,94,2021-02-09,instagram_tier1,social,9034945,759532,10317.0,2701,19,3,19800.0,0.11,0.36,3.82,543.0,3439.0,7.33,1042.11,6600.0,1.92,91.92,6600.0
94,95,2021-02-09,instagram_tier2,social,983498,1022000,7398.26,5110,102,3,5943.0,0.06,0.5,1.45,72.53,2466.09,1.16,58.26,1981.0,0.8,-19.67,1981.0
95,96,2021-02-09,facebook_retargeting,social,4387490,9721,2152.37,290,6,1,4353.0,0.34,2.98,7.42,358.73,2152.37,15.01,725.5,4353.0,2.02,102.24,4353.0
96,97,2021-02-09,facebook_lal,social,544756,189854,29091.4,1198,24,3,2943.0,0.25,0.63,24.28,1212.14,9697.13,2.46,122.62,981.0,0.1,-89.88,981.0
97,98,2021-02-09,instagram_blogger,influencer,374754,346068,57642.4,3006,99,15,89460.0,0.5,0.87,19.18,582.25,3842.83,29.76,903.64,5964.0,1.55,55.2,5964.0
98,99,2021-02-09,banner_partner,media,39889,3736884,44731.7,4190,84,13,51259.0,0.31,0.11,10.68,532.52,3440.9,12.23,610.23,3943.0,1.15,14.59,3943.0
99,100,2021-02-10,facebook_tier1,social,349043,961800,43386.4,4809,96,8,42400.0,0.17,0.5,9.02,451.94,5423.3,8.82,441.67,5300.0,0.98,-2.27,5300.0
100,101,2021-02-10,facebOOK_tier2,social,348934,852250,43865.9,6596,132,7,34867.0,0.11,0.77,6.65,332.32,6266.56,5.29,264.14,4981.0,0.79,-20.51,4981.0
101,102,2021-02-10,google_hot,search,89459845,108748,51883.1,1797,57,11,86724.0,0.61,1.65,28.87,910.23,4716.65,48.26,1521.47,7884.0,1.67,67.15,7884.0
102,103,2021-02-10,google_wide,search,127823,797238,67577.8,4797,154,19,42598.0,0.4,0.6,14.09,438.82,3556.73,8.88,276.61,2242.0,0.63,-36.96,2242.0
103,104,2021-02-10,youtube_blogger,influencer,10934,1469962,19831.4,8998,80,16,130768.0,0.18,0.61,2.2,247.89,1239.46,14.53,1634.6,8173.0,6.59,559.4,8173.0
104,105,2021-02-10,instagram_tier1,social,9034945,3858193,38890.3,5406,186,14,83734.0,0.26,0.14,7.19,209.09,2777.88,15.49,450.18,5981.0,2.15,115.31,5981.0
105,106,2021-02-10,instagram_tier2,social,983498,2040000,14147.9,10200,395,4,7924.0,0.04,0.5,1.39,35.82,3536.98,0.78,20.06,1981.0,0.56,-43.99,1981.0
106,107,2021-02-10,facebook_retargeting,social,4387490,18399,12713.0,599,22,5,27065.0,0.83,3.26,21.22,577.86,2542.6,45.18,1230.23,5413.0,2.13,112.89,5413.0
107,108,2021-02-10,facebook_lal,social,544756,321713,131236.0,2396,88,15,14715.0,0.63,0.74,54.77,1491.32,8749.07,6.14,167.22,981.0,0.11,-88.79,981.0
108,109,2021-02-10,instagram_blogger,influencer,374754,489728,126901.0,6005,187,34,143888.0,0.57,1.23,21.13,678.61,3732.38,23.96,769.45,4232.0,1.13,13.39,4232.0
109,110,2021-02-10,banner_partner,media,39889,5219501,179519.0,8391,302,60,196680.0,0.72,0.16,21.39,594.43,2991.98,23.44,651.26,3278.0,1.1,9.56,3278.0
110,111,2021-02-11,facebook_tier1,social,349043,1061233,105681.0,7206,144,23,105225.0,0.32,0.68,14.67,733.9,4594.83,14.6,730.73,4575.0,1.0,-0.43,4575.0
111,112,2021-02-11,facebOOK_tier2,social,348934,4564542,188516.0,9895,304,28,131068.0,0.28,0.22,19.05,620.12,6732.71,13.25,431.14,4681.0,0.7,-30.47,4681.0
112,113,2021-02-11,google_hot,search,89459845,134600,26220.4,2692,54,6,48990.0,0.22,2.0,9.74,485.56,4370.07,18.2,907.22,8165.0,1.87,86.84,8165.0
113,114,2021-02-11,google_wide,search,127823,1254537,51422.5,7198,144,14,41986.0,0.19,0.57,7.14,357.1,3673.04,5.83,291.57,2999.0,0.82,-18.35,2999.0
114,115,2021-02-11,youtube_blogger,influencer,10934,1210466,197161.0,13506,474,95,831820.0,0.7,1.12,14.6,415.95,2075.38,61.59,1754.89,8756.0,4.22,321.9,8756.0
115,116,2021-02-11,instagram_tier1,social,9034945,2224531,348.99,8106,1,0,0.0,0.0,0.36,0.04,348.99,inf,0.0,0.0,0.0,0.0,-100.0,0.0
116,117,2021-02-11,instagram_tier2,social,983498,3058200,4138.73,15291,114,1,2771.0,0.01,0.5,0.27,36.3,4138.73,0.18,24.31,2771.0,0.67,-33.05,2771.0
117,118,2021-02-11,facebook_retargeting,social,4387490,26774,17711.1,893,27,6,29886.0,0.67,3.34,19.83,655.97,2951.85,33.47,1106.89,4981.0,1.69,68.74,4981.0
118,119,2021-02-11,facebook_lal,social,544756,359500,6171.15,3595,5,1,677.0,0.03,1.0,1.72,1234.23,6171.15,0.19,135.4,677.0,0.11,-89.03,677.0
119,120,2021-02-11,instagram_blogger,influencer,374754,900400,128751.0,9004,227,29,143869.0,0.32,1.0,14.3,567.19,4439.69,15.98,633.78,4961.0,1.12,11.74,4961.0
120,121,2021-02-11,banner_partner,media,39889,5125187,193124.0,12602,482,57,226917.0,0.45,0.25,15.32,400.67,3388.14,18.01,470.78,3981.0,1.17,17.5,3981.0
121,122,2021-02-12,facebook_tier1,social,349043,1804868,110004.0,9607,192,23,96163.0,0.24,0.53,11.45,572.94,4782.78,10.01,500.85,4181.0,0.87,-12.58,4181.0
122,123,2021-02-12,facebOOK_tier2,social,348934,2639200,191722.0,13196,325,32,176512.0,0.24,0.5,14.53,589.91,5991.31,13.38,543.11,5516.0,0.92,-7.93,5516.0
123,124,2021-02-12,google_hot,search,89459845,161493,59745.3,3602,72,14,122710.0,0.39,2.23,16.59,829.8,4267.52,34.07,1704.31,8765.0,2.05,105.39,8765.0
124,125,2021-02-12,google_wide,search,127823,1502383,86733.1,9605,192,19,56639.0,0.2,0.64,9.03,451.73,4564.9,5.9,294.99,2981.0,0.65,-34.7,2981.0
125,126,2021-02-12,youtube_blogger,influencer,10934,1299708,121652.0,17994,378,61,486841.0,0.34,1.38,6.76,321.83,1994.3,27.06,1287.94,7981.0,4.0,300.19,7981.0
126,127,2021-02-12,instagram_tier1,social,9034945,3735390,26659.9,10806,115,9,53523.0,0.08,0.29,2.47,231.83,2962.21,4.95,465.42,5947.0,2.01,100.76,5947.0
127,128,2021-02-12,instagram_tier2,social,983498,7156880,49060.3,20391,408,15,29715.0,0.07,0.28,2.41,120.25,3270.69,1.46,72.83,1981.0,0.61,-39.43,1981.0
128,129,2021-02-12,facebook_retargeting,social,4387490,42587,11278.3,1207,34,8,39848.0,0.66,2.83,9.34,331.71,1409.79,33.01,1172.0,4981.0,3.53,253.32,4981.0
129,130,2021-02-12,facebook_lal,social,544756,480000,44580.9,4800,33,5,6945.0,0.1,1.0,9.29,1350.94,8916.18,1.45,210.45,1389.0,0.16,-84.42,1389.0
130,131,2021-02-12,instagram_blogger,influencer,374754,1200300,308572.0,12003,412,79,393499.0,0.66,1.0,25.71,748.96,3905.97,32.78,955.09,4981.0,1.28,27.52,4981.0
131,132,2021-02-12,banner_partner,media,39889,10819771,145201.0,16808,336,49,195069.0,0.29,0.16,8.64,432.15,2963.29,11.61,580.56,3981.0,1.34,34.34,3981.0
132,133,2021-02-13,facebook_tier1,social,349043,1496322,308692.0,11990,397,60,341880.0,0.5,0.8,25.75,777.56,5144.87,28.51,861.16,5698.0,1.11,10.75,5698.0
133,134,2021-02-13,facebOOK_tier2,social,348934,2358224,325444.0,16506,655,52,262184.0,0.32,0.7,19.72,496.86,6258.54,15.88,400.28,5042.0,0.81,-19.44,5042.0
134,135,2021-02-13,google_hot,search,89459845,225350,61588.1,4507,100,17,152660.0,0.38,2.0,13.66,615.88,3622.83,33.87,1526.6,8980.0,2.48,147.87,8980.0
135,136,2021-02-13,google_wide,search,127823,3452027,216562.0,12010,378,56,123088.0,0.47,0.35,18.03,572.92,3867.18,10.25,325.63,2198.0,0.57,-43.16,2198.0
136,137,2021-02-13,youtube_blogger,influencer,10934,2250900,205045.0,22509,790,158,1296550.0,0.7,1.0,9.11,259.55,1297.75,57.6,1641.2,8206.01,6.32,532.32,8206.01
137,138,2021-02-13,instagram_tier1,social,9034945,2698200,88844.8,13491,219,26,176384.0,0.19,0.5,6.59,405.68,3417.11,13.07,805.41,6784.0,1.99,98.53,6784.0
138,139,2021-02-13,instagram_tier2,social,983498,5100600,16656.8,25503,510,6,10134.0,0.02,0.5,0.65,32.66,2776.13,0.4,19.87,1689.0,0.61,-39.16,1689.0
139,140,2021-02-13,facebook_retargeting,social,4387490,50333,8367.08,1510,19,4,18828.0,0.26,3.0,5.54,440.37,2091.77,12.47,990.95,4707.0,2.25,125.02,4707.0
140,141,2021-02-13,facebook_lal,social,544756,495013,171332.0,6006,128,19,24035.0,0.32,1.21,28.53,1338.53,9017.47,4.0,187.77,1265.0,0.14,-85.97,1265.0
141,142,2021-02-13,instagram_blogger,influencer,374754,1499200,32770.1,14992,50,8,43976.0,0.05,1.0,2.19,655.4,4096.26,2.93,879.52,5497.0,1.34,34.2,5497.0
142,143,2021-02-13,banner_partner,media,39889,17890507,390105.0,20993,734,118,353174.0,0.56,0.12,18.58,531.48,3305.97,16.82,481.16,2993.0,0.91,-9.47,2993.0
143,144,2021-02-14,facebook_tier1,social,349043,2452315,60244.9,14406,110,14,63560.0,0.1,0.59,4.18,547.68,4303.21,4.41,577.82,4540.0,1.06,5.5,4540.0
144,145,2021-02-14,facebOOK_tier2,social,348934,7936534,197948.0,19797,396,30,149430.0,0.15,0.25,10.0,499.87,6598.27,7.55,377.35,4981.0,0.75,-24.51,4981.0
145,146,2021-02-14,google_hot,search,89459845,263754,56440.3,5409,90,11,84183.0,0.2,2.05,10.43,627.11,5130.94,15.56,935.37,7653.0,1.49,49.15,7653.0
146,147,2021-02-14,google_wide,search,127823,3111389,196998.0,14390,498,48,101280.0,0.33,0.46,13.69,395.58,4104.12,7.04,203.37,2110.0,0.51,-48.59,2110.0
147,148,2021-02-14,youtube_blogger,influencer,10934,2511956,231751.0,26993,540,85,733550.0,0.31,1.07,8.59,429.17,2726.48,27.18,1358.43,8630.0,3.17,216.53,8630.0
148,149,2021-02-14,instagram_tier1,social,9034945,3239400,312844.0,16197,604,72,377352.0,0.44,0.5,19.31,517.95,4345.06,23.3,624.75,5241.0,1.21,20.62,5241.0
149,150,2021-02-14,instagram_tier2,social,983498,5130500,218228.0,30602,935,54,119718.0,0.18,0.6,7.13,233.4,4041.26,3.91,128.04,2217.0,0.55,-45.14,2217.0
150,151,2021-02-14,facebook_retargeting,social,4387490,55495,4764.34,1790,10,2,10902.0,0.11,3.23,2.66,476.43,2382.17,6.09,1090.2,5451.0,2.29,128.82,5451.0
151,152,2021-02-14,facebook_lal,social,544756,605220,170719.0,7205,142,21,14280.0,0.29,1.19,23.69,1202.25,8129.48,1.98,100.56,680.0,0.08,-91.64,680.0
152,153,2021-02-14,instagram_blogger,influencer,374754,2429465,205870.0,17998,354,53,306817.0,0.29,0.74,11.44,581.55,3884.34,17.05,866.71,5789.0,1.49,49.03,5789.0
153,154,2021-02-14,banner_partner,media,39889,7218480,225274.0,25190,504,76,236056.0,0.3,0.35,8.94,446.97,2964.13,9.37,468.37,3106.0,1.05,4.79,3106.0
154,155,2021-02-15,facebook_tier1,social,349043,3361800,168064.0,16809,247,30,149430.0,0.18,0.5,10.0,680.42,5602.13,8.89,604.98,4981.0,0.89,-11.09,4981.0
155,156,2021-02-15,facebOOK_tier2,social,348934,3441545,593576.0,23103,694,81,403461.0,0.35,0.67,25.69,855.3,7328.1,17.46,581.36,4981.0,0.68,-32.03,4981.0
156,157,2021-02-15,google_hot,search,89459845,315350,82930.7,6307,126,19,138073.0,0.3,2.0,13.15,658.18,4364.77,21.89,1095.82,7267.0,1.66,66.49,7267.0
157,158,2021-02-15,google_wide,search,127823,3359600,124854.0,16798,336,31,92411.0,0.18,0.5,7.43,371.59,4027.55,5.5,275.03,2981.0,0.74,-25.98,2981.0
158,159,2021-02-15,youtube_blogger,influencer,10934,2478877,151480.0,31504,630,98,782138.0,0.31,1.27,4.81,240.44,1545.71,24.83,1241.49,7981.0,5.16,416.33,7981.0
159,160,2021-02-15,instagram_tier1,social,9034945,3780200,136269.0,18901,378,45,269145.0,0.24,0.5,7.21,360.5,3028.2,14.24,712.02,5981.0,1.98,97.51,5981.0
160,161,2021-02-15,instagram_tier2,social,983498,7138400,37098.6,35692,916,11,21791.0,0.03,0.5,1.04,40.5,3372.6,0.61,23.79,1981.0,0.59,-41.26,1981.0
161,162,2021-02-15,facebook_retargeting,social,4387490,63986,14609.5,2099,28,5,24905.0,0.24,3.28,6.96,521.77,2921.9,11.87,889.46,4981.0,1.7,70.47,4981.0
162,163,2021-02-15,facebook_lal,social,544756,1093435,6587.76,8402,4,1,741.0,0.01,0.77,0.78,1646.94,6587.76,0.09,185.25,741.0,0.11,-88.75,741.0
163,164,2021-02-15,instagram_blogger,influencer,374754,2100700,82452.0,21007,122,24,103392.0,0.11,1.0,3.92,675.84,3435.5,4.92,847.48,4308.0,1.25,25.4,4308.0
164,165,2021-02-15,banner_partner,media,39889,8747458,543275.0,29390,1061,171,809685.0,0.58,0.34,18.49,512.04,3177.05,27.55,763.13,4735.0,1.49,49.04,4735.0
165,166,2021-02-16,facebook_tier1,social,349043,3839000,393027.0,19195,384,64,336448.0,0.33,0.5,20.48,1023.51,6141.05,17.53,876.17,5257.0,0.86,-14.4,5257.0
166,167,2021-02-16,facebOOK_tier2,social,348934,5280000,595176.0,26400,923,80,392160.0,0.3,0.5,22.54,644.83,7439.7,14.85,424.88,4902.0,0.66,-34.11,4902.0
167,168,2021-02-16,google_hot,search,89459845,373184,102053.0,7198,144,22,185482.0,0.31,1.93,14.18,708.7,4638.77,25.77,1288.07,8431.0,1.82,81.75,8431.0
168,169,2021-02-16,google_wide,search,127823,3841400,271906.0,19207,666,67,199727.0,0.35,0.5,14.16,408.27,4058.3,10.4,299.89,2981.0,0.73,-26.55,2981.0
169,170,2021-02-16,youtube_blogger,influencer,10934,4371118,221258.0,35999,720,128,1021570.0,0.36,0.82,6.15,307.3,1728.58,28.38,1418.85,7981.02,4.62,361.71,7981.02
170,171,2021-02-16,instagram_tier1,social,9034945,4319200,143680.0,21596,432,34,171972.0,0.16,0.5,6.65,332.59,4225.88,7.96,398.08,5058.0,1.2,19.69,5058.0
171,172,2021-02-16,instagram_tier2,social,983498,15988504,103731.0,40794,816,24,41424.0,0.06,0.26,2.54,127.12,4322.12,1.02,50.76,1726.0,0.4,-60.07,1726.0
172,173,2021-02-16,facebook_retargeting,social,4387490,80233,31712.0,2407,48,12,59772.0,0.5,3.0,13.17,660.67,2642.67,24.83,1245.25,4981.0,1.88,88.48,4981.0
173,174,2021-02-16,facebook_lal,social,544756,1576818,345629.0,9597,292,39,25857.0,0.41,0.61,36.01,1183.66,8862.28,2.69,88.55,663.0,0.07,-92.52,663.0
174,175,2021-02-16,instagram_blogger,influencer,374754,3937010,620903.0,23994,833,160,939360.0,0.67,0.61,25.88,745.38,3880.64,39.15,1127.68,5871.0,1.51,51.29,5871.0
175,176,2021-02-16,banner_partner,media,39889,56876855,206424.0,33592,416,62,246822.0,0.18,0.06,6.15,496.21,3329.42,7.35,593.32,3981.0,1.2,19.57,3981.0
176,177,2021-02-17,facebook_tier1,social,349043,4320600,489831.0,21603,652,86,428366.0,0.4,0.5,22.67,751.27,5695.71,19.83,657.0,4981.0,0.87,-12.55,4981.0
177,178,2021-02-17,facebOOK_tier2,social,348934,6102420,403691.0,29704,594,61,303841.0,0.21,0.49,13.59,679.61,6617.89,10.23,511.52,4981.0,0.75,-24.73,4981.0
178,179,2021-02-17,google_hot,search,89459845,490058,116213.0,8104,162,31,227726.0,0.38,1.65,14.34,717.36,3748.81,28.1,1405.72,7346.0,1.96,95.96,7346.0
179,180,2021-02-17,google_wide,search,127823,4319200,180223.0,21596,442,44,136708.0,0.2,0.5,8.35,407.74,4095.98,6.33,309.29,3107.0,0.76,-24.15,3107.0
180,181,2021-02-17,youtube_blogger,influencer,10934,4049400,363811.0,40494,746,149,1189170.0,0.37,1.0,8.98,487.68,2441.68,29.37,1594.06,7981.01,3.27,226.86,7981.01
181,182,2021-02-17,instagram_tier1,social,9034945,4999407,246023.0,24294,606,73,496546.0,0.3,0.49,10.13,405.98,3370.18,20.44,819.38,6802.0,2.02,101.83,6802.0
182,183,2021-02-17,instagram_tier2,social,983498,32964848,162819.0,45907,974,46,121900.0,0.1,0.14,3.55,167.17,3539.54,2.66,125.15,2650.0,0.75,-25.13,2650.0
183,184,2021-02-17,facebook_retargeting,social,4387490,84332,31422.5,2698,54,11,45441.0,0.41,3.2,11.65,581.9,2856.59,16.84,841.5,4131.0,1.45,44.61,4131.0
184,185,2021-02-17,facebook_lal,social,544756,1361187,291254.0,10810,216,32,31392.0,0.3,0.79,26.94,1348.4,9101.69,2.9,145.33,981.0,0.11,-89.22,981.0
185,186,2021-02-17,instagram_blogger,influencer,374754,2795511,462606.0,26990,795,119,592739.0,0.44,0.97,17.14,581.89,3887.45,21.96,745.58,4981.0,1.28,28.13,4981.0
186,187,2021-02-17,banner_partner,media,39889,16553044,523398.0,37805,756,142,565302.0,0.38,0.23,13.84,692.33,3685.9,14.95,747.75,3981.0,1.08,8.01,3981.0
187,188,2021-02-18,facebook_tier1,social,349043,4798200,30892.2,23991,61,6,25686.0,0.03,0.5,1.29,506.43,5148.7,1.07,421.08,4281.0,0.83,-16.85,4281.0
188,189,2021-02-18,facebOOK_tier2,social,348934,4678356,373294.0,33003,1313,51,237711.0,0.15,0.71,11.31,284.31,7319.49,7.2,181.04,4661.0,0.64,-36.32,4661.0
189,190,2021-02-18,google_hot,search,89459845,527210,119542.0,9004,162,28,214368.0,0.31,1.71,13.28,737.91,4269.36,23.81,1323.26,7656.0,1.79,79.32,7656.0
190,191,2021-02-18,google_wide,search,127823,10593685,200986.0,24005,480,43,93353.0,0.18,0.23,8.37,418.72,4674.09,3.89,194.49,2171.0,0.46,-53.55,2171.0
191,192,2021-02-18,youtube_blogger,influencer,10934,4064081,86522.9,45004,144,31,256897.0,0.07,1.11,1.92,600.85,2791.06,5.71,1784.01,8287.0,2.97,196.91,8287.0
192,193,2021-02-18,instagram_tier1,social,9034945,11212959,241388.0,27009,599,72,430632.0,0.27,0.24,8.94,402.98,3352.61,15.94,718.92,5981.0,1.78,78.4,5981.0
193,194,2021-02-18,instagram_tier2,social,983498,13281923,58596.4,51000,1020,16,36016.0,0.03,0.38,1.15,57.45,3662.28,0.71,35.31,2251.0,0.61,-38.54,2251.0
194,195,2021-02-18,facebook_retargeting,social,4387490,97885,17176.7,2991,28,6,33930.0,0.2,3.06,5.74,613.45,2862.78,11.34,1211.79,5655.0,1.98,97.54,5655.0
195,196,2021-02-18,facebook_lal,social,544756,1181224,171831.0,11991,128,19,17917.0,0.16,1.02,14.33,1342.43,9043.74,1.49,139.98,943.0,0.1,-89.57,943.0
196,197,2021-02-18,instagram_blogger,influencer,374754,2482796,518530.0,30000,1032,134,796630.0,0.45,1.21,17.28,502.45,3869.63,26.55,771.93,5945.0,1.54,53.63,5945.0
197,198,2021-02-18,banner_partner,media,39889,419970000,339735.0,41997,840,114,516420.0,0.27,0.01,8.09,404.45,2980.13,12.3,614.79,4530.0,1.52,52.01,4530.0
198,199,2021-02-19,facebook_tier1,social,349043,15345139,53253.9,26407,71,10,44550.0,0.04,0.17,2.02,750.05,5325.39,1.69,627.46,4455.0,0.84,-16.34,4455.0
199,200,2021-02-19,facebOOK_tier2,social,348934,7260800,415376.0,36304,726,58,288898.0,0.16,0.5,11.44,572.14,7161.66,7.96,397.93,4981.0,0.7,-30.45,4981.0
200,201,2021-02-19,google_hot,search,89459845,413291,9777.55,9904,14,2,15962.0,0.02,2.4,0.99,698.4,4888.77,1.61,1140.14,7981.0,1.63,63.25,7981.0
201,202,2021-02-19,google_wide,search,127823,8455475,81623.5,26406,281,20,72300.0,0.08,0.31,3.09,290.48,4081.18,2.74,257.3,3615.0,0.89,-11.42,3615.0
202,203,2021-02-19,youtube_blogger,influencer,10934,3801165,880357.0,49510,1666,369,2812520.0,0.75,1.3,17.78,528.43,2385.79,56.81,1688.19,7622.01,3.19,219.47,7622.01
203,204,2021-02-19,instagram_tier1,social,9034945,6168252,300775.0,29699,1082,96,574176.0,0.32,0.48,10.13,277.98,3133.07,19.33,530.66,5981.0,1.91,90.9,5981.0
204,205,2021-02-19,instagram_tier2,social,983498,11222000,9908.98,56110,185,3,3621.0,0.01,0.5,0.18,53.56,3302.99,0.06,19.57,1207.0,0.37,-63.46,1207.0
205,206,2021-02-19,facebook_retargeting,social,4387490,115166,3173.41,3297,7,1,5199.0,0.03,2.86,0.96,453.34,3173.41,1.58,742.71,5199.0,1.64,63.83,5199.0
206,207,2021-02-19,facebook_lal,social,544756,1320200,440355.0,13202,264,45,80325.0,0.34,1.0,33.36,1668.01,9785.67,6.08,304.26,1785.0,0.18,-81.76,1785.0
207,208,2021-02-19,instagram_blogger,influencer,374754,3299900,404285.0,32999,694,104,519272.0,0.32,1.0,12.25,582.54,3887.36,15.74,748.23,4993.0,1.28,28.44,4993.0
208,209,2021-02-19,banner_partner,media,39889,19065489,492126.0,46209,924,139,556417.0,0.3,0.24,10.65,532.6,3540.47,12.04,602.18,4003.0,1.13,13.06,4003.0
209,210,2021-02-20,facebook_tier1,social,349043,9916906,56874.2,28796,88,12,59772.0,0.04,0.29,1.98,646.3,4739.52,2.08,679.23,4981.0,1.05,5.1,4981.0
210,211,2021-02-20,facebOOK_tier2,social,348934,7918600,455831.0,39593,853,68,387124.0,0.17,0.5,11.51,534.39,6703.4,9.78,453.84,5693.0,0.85,-15.07,5693.0
211,212,2021-02-20,google_hot,search,89459845,540450,190469.0,10809,359,47,365378.0,0.43,2.0,17.62,530.55,4052.53,33.8,1017.77,7774.0,1.92,91.83,7774.0
212,213,2021-02-20,google_wide,search,127823,5762000,435770.0,28810,732,96,253440.0,0.33,0.5,15.13,595.31,4539.27,8.8,346.23,2640.0,0.58,-41.84,2640.0
213,214,2021-02-20,youtube_blogger,influencer,10934,5399300,303860.0,53993,1094,182,1452540.0,0.34,1.0,5.63,277.75,1669.56,26.9,1327.73,7980.99,4.78,378.03,7980.99
214,215,2021-02-20,instagram_tier1,social,9034945,7669421,404737.0,32395,1003,139,847066.0,0.43,0.42,12.49,403.53,2911.78,26.15,844.53,6094.0,2.09,109.29,6094.0
215,216,2021-02-20,instagram_tier2,social,983498,12239000,150065.0,61195,1224,48,73392.0,0.08,0.5,2.45,122.6,3126.35,1.2,59.96,1529.0,0.49,-51.09,1529.0
216,217,2021-02-20,facebook_retargeting,social,4387490,111784,73587.5,3594,116,24,119544.0,0.67,3.22,20.48,634.38,3066.15,33.26,1030.55,4981.0,1.62,62.45,4981.0
217,218,2021-02-20,facebook_lal,social,544756,1118531,173041.0,14399,113,18,17658.0,0.13,1.29,12.02,1531.34,9613.39,1.23,156.27,981.0,0.1,-89.8,981.0
218,219,2021-02-20,instagram_blogger,influencer,374754,5497354,504576.0,35994,822,137,682397.0,0.38,0.65,14.02,613.84,3683.04,18.96,830.17,4981.0,1.35,35.24,4981.0
219,220,2021-02-20,banner_partner,media,39889,26012342,750361.0,50408,1678,252,1003210.0,0.5,0.19,14.89,447.18,2977.62,19.9,597.86,3980.99,1.34,33.7,3980.99
220,221,2021-02-21,facebook_tier1,social,349043,478600,38596.7,2393,66,7,31094.0,0.29,0.5,16.13,584.8,5513.81,12.99,471.12,4442.0,0.81,-19.44,4442.0
221,222,2021-02-21,facebOOK_tier2,social,348934,543787,39481.0,3299,113,6,29538.0,0.18,0.61,11.97,349.39,6580.17,8.95,261.4,4923.0,0.75,-25.18,4923.0
222,223,2021-02-21,google_hot,search,89459845,49655,9444.12,907,18,2,15962.0,0.22,1.83,10.41,524.67,4722.06,17.6,886.78,7981.0,1.69,69.02,7981.0
223,224,2021-02-21,google_wide,search,127823,478400,17476.2,2392,48,5,12910.0,0.21,0.5,7.31,364.09,3495.24,5.4,268.96,2582.0,0.74,-26.13,2582.0
224,225,2021-02-21,youtube_blogger,influencer,10934,713896,30801.0,4507,90,20,159620.0,0.44,0.63,6.83,342.23,1540.05,35.42,1773.56,7981.0,5.18,418.23,7981.0
225,226,2021-02-21,instagram_tier1,social,9034945,555915,29457.5,2709,60,10,55540.0,0.37,0.49,10.87,490.96,2945.75,20.5,925.67,5554.0,1.89,88.54,5554.0
226,227,2021-02-21,instagram_tier2,social,983498,781353,12503.5,5104,102,4,7924.0,0.08,0.65,2.45,122.58,3125.88,1.55,77.69,1981.0,0.63,-36.63,1981.0
227,228,2021-02-21,facebook_retargeting,social,4387490,10812,1555.96,296,3,1,3993.0,0.34,2.74,5.26,518.65,1555.96,13.49,1331.0,3993.0,2.57,156.63,3993.0
228,229,2021-02-21,facebook_lal,social,544756,119400,32169.9,1194,24,4,3924.0,0.34,1.0,26.94,1340.41,8042.48,3.29,163.5,981.0,0.12,-87.8,981.0
229,230,2021-02-21,instagram_blogger,influencer,374754,300900,65006.3,3009,89,17,84677.0,0.56,1.0,21.6,730.41,3823.9,28.14,951.43,4981.0,1.3,30.26,4981.0
230,231,2021-02-21,banner_partner,media,39889,42080000,25023.2,4208,67,10,31710.0,0.24,0.01,5.95,373.48,2502.32,7.54,473.28,3171.0,1.27,26.72,3171.0
231,232,2021-02-22,facebook_tier1,social,349043,605386,59710.0,4802,96,12,67632.0,0.25,0.79,12.43,621.98,4975.83,14.08,704.5,5636.0,1.13,13.27,5636.0
232,233,2021-02-22,facebOOK_tier2,social,348934,2090371,95536.2,6606,132,14,69734.0,0.21,0.32,14.46,723.76,6824.01,10.56,528.29,4981.0,0.73,-27.01,4981.0
233,234,2021-02-22,google_hot,search,89459845,90500,30645.4,1810,65,7,59045.0,0.39,2.0,16.93,471.47,4377.91,32.62,908.38,8435.0,1.93,92.67,8435.0
234,235,2021-02-22,google_wide,search,127823,959600,12348.3,4798,39,4,11924.0,0.08,0.5,2.57,316.62,3087.08,2.49,305.74,2981.0,0.97,-3.44,2981.0
235,236,2021-02-22,youtube_blogger,influencer,10934,757387,77803.8,8997,180,42,359394.0,0.47,1.19,8.65,432.24,1852.47,39.95,1996.63,8557.0,4.62,361.92,8557.0
236,237,2021-02-22,instagram_tier1,social,9034945,4565811,33474.7,5397,108,9,53829.0,0.17,0.12,6.2,309.95,3719.41,9.97,498.42,5981.0,1.61,60.81,5981.0
237,238,2021-02-22,instagram_tier2,social,983498,2190892,19196.6,10202,124,7,14602.0,0.07,0.47,1.88,154.81,2742.37,1.43,117.76,2086.0,0.76,-23.93,2086.0
238,239,2021-02-22,facebook_retargeting,social,4387490,17821,5792.48,598,12,3,12168.0,0.5,3.36,9.69,482.71,1930.83,20.35,1014.0,4056.0,2.1,110.07,4056.0
239,240,2021-02-22,facebook_lal,social,544756,239600,51783.3,2396,48,6,5886.0,0.25,1.0,21.61,1078.82,8630.55,2.46,122.62,981.0,0.11,-88.63,981.0
240,241,2021-02-22,instagram_blogger,influencer,374754,599700,137382.0,5997,236,35,158340.0,0.58,1.0,22.91,582.13,3925.2,26.4,670.93,4524.0,1.15,15.26,4524.0
241,242,2021-02-22,banner_partner,media,39889,105873774,60021.6,8409,168,20,80600.0,0.24,0.01,7.14,357.27,3001.08,9.58,479.76,4030.0,1.34,34.28,4030.0
242,243,2021-02-23,facebook_tier1,social,349043,924525,9858.28,1203,28,2,9962.0,0.17,0.13,8.19,352.08,4929.14,8.28,355.79,4981.0,1.01,1.05,4981.0
243,244,2021-02-23,facebOOK_tier2,social,348934,475992,19350.0,1641,37,3,12225.0,0.18,0.34,11.79,522.97,6450.0,7.45,330.41,4075.0,0.63,-36.82,4075.0
244,245,2021-02-23,google_hot,search,89459845,22175,5409.21,442,9,2,15050.0,0.45,1.99,12.24,601.02,2704.6,34.05,1672.22,7525.0,2.78,178.23,7525.0
245,246,2021-02-23,google_wide,search,127823,241000,12581.6,1205,24,3,8943.0,0.25,0.5,10.44,524.23,4193.87,7.42,372.62,2981.0,0.71,-28.92,2981.0
246,247,2021-02-23,youtube_blogger,influencer,10934,297609,16343.0,2246,45,8,63848.0,0.36,0.75,7.28,363.18,2042.88,28.43,1418.84,7981.0,3.91,290.67,7981.0
247,248,2021-02-23,instagram_tier1,social,9034945,536236,557.25,1349,1,0,0.0,0.0,0.25,0.41,557.25,inf,0.0,0.0,0.0,0.0,-100.0,0.0
248,249,2021-02-23,instagram_tier2,social,983498,512000,4285.44,2560,51,2,2934.0,0.08,0.5,1.67,84.03,2142.72,1.15,57.53,1467.0,0.68,-31.54,1467.0
249,250,2021-02-23,facebook_retargeting,social,4387490,4908,1238.09,155,3,1,5265.0,0.65,3.16,7.99,412.7,1238.09,33.97,1755.0,5265.0,4.25,325.25,5265.0
250,251,2021-02-23,facebook_lal,social,544756,60800,16078.6,608,12,2,2720.0,0.33,1.0,26.45,1339.88,8039.3,4.47,226.67,1360.0,0.17,-83.08,1360.0
251,252,2021-02-23,instagram_blogger,influencer,374754,117218,15435.0,1500,31,4,17816.0,0.27,1.28,10.29,497.9,3858.75,11.88,574.71,4454.0,1.15,15.43,4454.0
252,253,2021-02-23,banner_partner,media,39889,654544,16706.4,2099,42,6,23886.0,0.29,0.32,7.96,397.77,2784.4,11.38,568.71,3981.0,1.43,42.98,3981.0
253,254,2021-02-24,facebook_tier1,social,349043,479596,94564.2,2408,93,15,81825.0,0.62,0.5,39.27,1016.82,6304.28,33.98,879.84,5455.0,0.87,-13.47,5455.0
254,255,2021-02-24,facebOOK_tier2,social,348934,395127,44347.2,3297,66,7,34867.0,0.21,0.83,13.45,671.93,6335.31,10.58,528.29,4981.0,0.79,-21.38,4981.0
255,256,2021-02-24,google_hot,search,89459845,45150,14306.2,903,18,3,23943.0,0.33,2.0,15.84,794.79,4768.73,26.51,1330.17,7981.0,1.67,67.36,7981.0
256,257,2021-02-24,google_wide,search,127823,291441,22357.6,2408,52,5,19060.0,0.21,0.83,9.28,429.95,4471.52,7.92,366.54,3812.0,0.85,-14.75,3812.0
257,258,2021-02-24,youtube_blogger,influencer,10934,409320,22944.3,4508,65,14,111734.0,0.31,1.1,5.09,352.99,1638.88,24.79,1718.98,7981.0,4.87,386.98,7981.0
258,259,2021-02-24,instagram_tier1,social,9034945,869482,23908.4,2703,42,7,36456.0,0.26,0.31,8.85,569.25,3415.49,13.49,868.0,5208.0,1.52,52.48,5208.0
259,260,2021-02-24,instagram_tier2,social,983498,624157,18675.0,5098,122,6,10590.0,0.12,0.82,3.66,153.07,3112.5,2.08,86.8,1765.0,0.57,-43.29,1765.0
260,261,2021-02-24,facebook_retargeting,social,4387490,8966,2857.1,297,6,1,4981.0,0.34,3.31,9.62,476.18,2857.1,16.77,830.17,4981.0,1.74,74.34,4981.0
261,262,2021-02-24,facebook_lal,social,544756,148794,48796.6,1196,38,6,8178.0,0.5,0.8,40.8,1284.12,8132.77,6.84,215.21,1363.0,0.17,-83.24,1363.0
262,263,2021-02-24,instagram_blogger,influencer,374754,355802,42311.5,2990,60,9,44829.0,0.3,0.84,14.15,705.19,4701.28,14.99,747.15,4981.0,1.06,5.95,4981.0
263,264,2021-02-24,banner_partner,media,39889,2770687,34169.9,4205,84,16,63696.0,0.38,0.15,8.13,406.78,2135.62,15.15,758.29,3981.0,1.86,86.41,3981.0
264,265,2021-02-25,facebook_tier1,social,349043,94600,11230.2,473,15,2,10104.0,0.42,0.5,23.74,748.68,5615.1,21.36,673.6,5052.0,0.9,-10.03,5052.0
265,266,2021-02-25,facebOOK_tier2,social,348934,131400,10357.0,657,13,2,9962.0,0.3,0.5,15.76,796.69,5178.5,15.16,766.31,4981.0,0.96,-3.81,4981.0
266,267,2021-02-25,google_hot,search,89459845,8750,1078.73,175,1,0,0.0,0.0,2.0,6.16,1078.73,inf,0.0,0.0,0.0,0.0,-100.0,0.0
267,268,2021-02-25,google_wide,search,127823,61867,9472.22,487,19,2,5730.0,0.41,0.79,19.45,498.54,4736.11,11.77,301.58,2865.0,0.6,-39.51,2865.0
268,269,2021-02-25,youtube_blogger,influencer,10934,94976,9034.91,904,22,5,38030.0,0.55,0.95,9.99,410.68,1806.98,42.07,1728.64,7606.0,4.21,320.92,7606.0
269,270,2021-02-25,instagram_tier1,social,9034945,106000,2304.01,530,6,1,5981.0,0.19,0.5,4.35,384.0,2304.01,11.28,996.83,5981.0,2.6,159.59,5981.0
270,271,2021-02-25,instagram_tier2,social,983498,115468,2059.03,1015,20,1,1981.0,0.1,0.88,2.03,102.95,2059.03,1.95,99.05,1981.0,0.96,-3.79,1981.0
271,272,2021-02-25,facebook_retargeting,social,4387490,2214,1487.47,66,3,1,4461.0,1.52,2.98,22.54,495.82,1487.47,67.59,1487.0,4461.0,3.0,199.91,4461.0
272,273,2021-02-25,facebook_lal,social,544756,25000,5871.29,250,5,1,981.0,0.4,1.0,23.49,1174.26,5871.29,3.92,196.2,981.0,0.17,-83.29,981.0
273,274,2021-02-25,instagram_blogger,influencer,374754,46753,6227.53,591,12,2,10130.0,0.34,1.26,10.54,518.96,3113.76,17.14,844.17,5065.0,1.63,62.66,5065.0
274,275,2021-02-25,banner_partner,media,39889,2885291,7583.66,848,17,3,11943.0,0.35,0.03,8.94,446.1,2527.89,14.08,702.53,3981.0,1.57,57.48,3981.0
275,276,2021-02-26,facebook_tier1,social,349043,168408,19887.7,1207,39,4,22488.0,0.33,0.72,16.48,509.94,4971.92,18.63,576.62,5622.0,1.13,13.07,5622.0
276,277,2021-02-26,facebOOK_tier2,social,348934,438858,17935.4,1657,33,3,15345.0,0.18,0.38,10.82,543.5,5978.47,9.26,465.0,5115.0,0.86,-14.44,5115.0
277,278,2021-02-26,google_hot,search,89459845,22450,1545.74,449,2,0,0.0,0.0,2.0,3.44,772.87,inf,0.0,0.0,0.0,0.0,-100.0,0.0
278,279,2021-02-26,google_wide,search,127823,240600,4453.1,1203,11,1,2283.0,0.08,0.5,3.7,404.83,4453.1,1.9,207.55,2283.0,0.51,-48.73,2283.0
279,280,2021-02-26,youtube_blogger,influencer,10934,195016,38804.2,2247,82,16,127696.0,0.71,1.15,17.27,473.22,2425.26,56.83,1557.27,7981.0,3.29,229.08,7981.0
280,281,2021-02-26,instagram_tier1,social,9034945,174375,12592.4,1342,27,4,26556.0,0.3,0.77,9.38,466.39,3148.1,19.79,983.56,6639.0,2.11,110.89,6639.0
281,282,2021-02-26,instagram_tier2,social,983498,508600,2403.54,2543,73,1,1981.0,0.04,0.5,0.95,32.93,2403.54,0.78,27.14,1981.0,0.82,-17.58,1981.0
282,283,2021-02-26,facebook_retargeting,social,4387490,4906,1071.16,143,3,1,4981.0,0.7,2.91,7.49,357.05,1071.16,34.83,1660.33,4981.0,4.65,365.01,4981.0
283,284,2021-02-26,facebook_lal,social,544756,55269,315.92,610,0,0,0.0,0.0,1.1,0.52,inf,inf,0.0,0.0,0.0,0.0,-100.0,0.0
284,285,2021-02-26,instagram_blogger,influencer,374754,192489,15596.0,1497,34,5,25205.0,0.33,0.78,10.42,458.71,3119.2,16.84,741.32,5041.0,1.62,61.61,5041.0
285,286,2021-02-26,banner_partner,media,39889,20930000,8087.73,2093,22,3,12213.0,0.14,0.01,3.86,367.62,2695.91,5.84,555.14,4071.0,1.51,51.01,4071.0
286,287,2021-02-27,facebook_tier1,social,349043,213771,5003.33,241,9,1,4223.0,0.41,0.11,20.76,555.93,5003.33,17.52,469.22,4223.0,0.84,-15.6,4223.0
287,288,2021-02-27,facebOOK_tier2,social,348934,66400,3235.77,332,13,0,0.0,0.0,0.5,9.75,248.91,inf,0.0,0.0,0.0,0.0,-100.0,0.0
288,289,2021-02-27,google_hot,search,89459845,4662,1754.25,83,2,0,0.0,0.0,1.78,21.14,877.12,inf,0.0,0.0,0.0,0.0,-100.0,0.0
289,290,2021-02-27,google_wide,search,127823,40004,1487.24,243,5,0,0.0,0.0,0.61,6.12,297.45,inf,0.0,0.0,0.0,0.0,-100.0,0.0
290,291,2021-02-27,youtube_blogger,influencer,10934,44000,5721.83,440,15,3,23943.0,0.68,1.0,13.0,381.46,1907.28,54.42,1596.2,7981.0,4.18,318.45,7981.0
291,292,2021-02-27,instagram_tier1,social,9034945,44112,1832.16,275,6,1,5981.0,0.36,0.62,6.66,305.36,1832.16,21.75,996.83,5981.0,3.26,226.45,5981.0
292,293,2021-02-27,instagram_tier2,social,983498,78799,254.14,503,3,0,0.0,0.0,0.64,0.51,84.71,inf,0.0,0.0,0.0,0.0,-100.0,0.0
293,294,2021-02-27,facebook_retargeting,social,4387490,667,200.42,20,0,0,0.0,0.0,3.0,10.02,inf,inf,0.0,0.0,0.0,0.0,-100.0,0.0
294,295,2021-02-27,facebook_lal,social,544756,13693,3098.45,115,2,0,0.0,0.0,0.84,26.94,1549.22,inf,0.0,0.0,0.0,0.0,-100.0,0.0
295,296,2021-02-27,instagram_blogger,influencer,374754,24018,3524.08,298,6,1,4661.0,0.34,1.24,11.83,587.35,3524.08,15.64,776.83,4661.0,1.32,32.26,4661.0
296,297,2021-02-27,banner_partner,media,39889,182546,2791.06,426,9,1,3981.0,0.23,0.23,6.55,310.12,2791.06,9.35,442.33,3981.0,1.43,42.63,3981.0
297,298,2021-02-28,facebook_tier1,social,349043,97200,6440.5,486,11,1,4981.0,0.21,0.5,13.25,585.5,6440.5,10.25,452.82,4981.0,0.77,-22.66,4981.0
298,299,2021-02-28,facebOOK_tier2,social,348934,132200,8665.55,661,13,1,5509.0,0.15,0.5,13.11,666.58,8665.55,8.33,423.77,5509.0,0.64,-36.43,5509.0
299,300,2021-02-28,google_hot,search,89459845,11554,3529.73,187,5,1,8714.0,0.53,1.62,18.88,705.95,3529.73,46.6,1742.8,8714.0,2.47,146.87,8714.0
300,301,2021-02-28,google_wide,search,127823,55625,384.75,487,1,0,0.0,0.0,0.88,0.79,384.75,inf,0.0,0.0,0.0,0.0,-100.0,0.0
301,302,2021-02-28,youtube_blogger,influencer,10934,129025,9892.77,909,21,5,37450.0,0.55,0.7,10.88,471.08,1978.55,41.2,1783.33,7490.0,3.79,278.56,7490.0
302,303,2021-02-28,instagram_tier1,social,9034945,63566,4950.74,546,12,1,5981.0,0.18,0.86,9.07,412.56,4950.74,10.95,498.42,5981.0,1.21,20.81,5981.0
303,304,2021-02-28,instagram_tier2,social,983498,775780,760.75,1024,4,0,0.0,0.0,0.13,0.74,190.19,inf,0.0,0.0,0.0,0.0,-100.0,0.0
304,305,2021-02-28,facebook_retargeting,social,4387490,1933,224.81,58,0,0,0.0,0.0,3.0,3.88,inf,inf,0.0,0.0,0.0,0.0,-100.0,0.0
305,306,2021-02-28,facebook_lal,social,544756,25840,6844.8,248,5,1,1491.0,0.4,0.96,27.6,1368.96,6844.8,6.01,298.2,1491.0,0.22,-78.22,1491.0
306,307,2021-02-28,instagram_blogger,influencer,374754,94058,4845.65,594,12,1,5008.0,0.17,0.63,8.16,403.8,4845.65,8.43,417.33,5008.0,1.03,3.35,5008.0
307,308,2021-02-28,banner_partner,media,39889,8490000,6822.62,849,18,2,7030.0,0.24,0.01,8.04,379.03,3411.31,8.28,390.56,3515.0,1.03,3.04,3515.0
